{"timestamps": [1512064150.644827, 1512064152.938949, 1512064153.973124, 1512064156.433416, 1512064158.102992, 1512064163.002099, 1512064164.644363, 1512064165.363862, 1512064173.404551, 1512064174.675635, 1512064182.970287, 1512064183.851652, 1512064184.558599, 1512064194.5929, 1512064195.392356, 1512064207.620958, 1512064208.690163, 1512064209.81659, 1512064224.053583, 1512064225.71612, 1512064242.853458, 1512064243.54186, 1512064245.083113, 1512064262.525809, 1512064263.514632, 1512064264.666441, 1512064283.734844, 1512064284.990185, 1512064286.243367, 1512064287.089712, 1512064309.323053, 1512064309.736472, 1512064310.26348, 1512064310.751172, 1512064311.388759, 1512064312.014963, 1512064336.965663, 1512064337.405652, 1512064337.807304, 1512064338.312454, 1512064338.770053, 1512064339.171515, 1512064364.246105, 1512064365.559655, 1512064392.360345, 1512064392.841839, 1512064393.303372, 1512064393.778513, 1512064394.239717, 1512064394.725763, 1512064427.622832, 1512064429.859562, 1512064431.142932, 1512064467.53894, 1512064468.178358, 1512064468.716251, 1512064469.318252, 1512064469.975665, 1512064507.580247, 1512064508.168109, 1512064508.789777, 1512064509.399193, 1512064510.037111, 1512064510.675118, 1512064548.671214, 1512064549.640053, 1512064550.155582, 1512064550.707555, 1512064551.2594, 1512064551.758342, 1512064588.289371, 1512064588.855052, 1512064589.36335, 1512064589.83455, 1512064590.24104, 1512064590.646127, 1512064629.451544, 1512064630.07354, 1512064630.583525, 1512064631.079913, 1512064631.56347, 1512064632.012914, 1512064671.230933, 1512064671.683886, 1512064672.294408, 1512064672.881281, 1512064673.459089, 1512064715.273281, 1512064715.827567, 1512064716.299649, 1512064716.769647, 1512064717.227371, 1512064717.681577, 1512064760.581091, 1512064761.044101, 1512064761.490871, 1512064761.94127, 1512064762.399268, 1512064762.870838, 1512064808.551225, 1512064809.029176, 1512064809.494563, 1512064809.953751, 1512064810.376663, 1512064810.836395, 1512064860.516736, 1512064861.085447, 1512064861.60324, 1512064862.194228, 1512064862.748121, 1512064863.232403, 1512064912.192856, 1512064912.834038, 1512064913.440269, 1512064913.896027, 1512064914.347963], "initial_reset_timestamp": 1512064147.722693, "episode_types": ["t", "t", "t", "t", "t", "t", "t", "t", "t", "t", "t", "t", "t", "t", "t", "t", "t", "t", "t", "t", "t", "t", "t", "t", "t", "t", "t", "t", "t", "t", "t", "t", "t", "t", "t", "t", "t", "t", "t", "t", "t", "t", "t", "t", "t", "t", "t", "t", "t", "t", "t", "t", "t", "t", "t", "t", "t", "t", "t", "t", "t", "t", "t", "t", "t", "t", "t", "t", "t", "t", "t", "t", "t", "t", "t", "t", "t", "t", "t", "t", "t", "t", "t", "t", "t", "t", "t", "t", "t", "t", "t", "t", "t", "t", "t", "t", "t", "t", "t", "t", "t", "t", "t", "t", "t", "t", "t", "t", "t", "t", "t", "t", "t", "t", "t", "t", "t"], "episode_lengths": [44, 96, 43, 59, 106, 88, 98, 53, 135, 55, 66, 63, 51, 103, 55, 84, 68, 72, 73, 109, 98, 47, 92, 33, 71, 76, 57, 70, 48, 58, 33, 29, 35, 33, 33, 34, 34, 33, 30, 35, 34, 30, 61, 97, 56, 35, 34, 34, 33, 34, 23, 107, 73, 35, 35, 34, 34, 34, 33, 32, 32, 34, 34, 33, 34, 34, 30, 35, 35, 33, 34, 33, 35, 34, 30, 30, 36, 35, 34, 37, 34, 34, 34, 29, 35, 31, 33, 35, 33, 33, 33, 32, 34, 34, 29, 34, 34, 34, 33, 35, 33, 35, 34, 30, 34, 35, 33, 34, 35, 33, 30, 35, 36, 35, 33, 34], "episode_rewards": [16.957305908203125, 349.5095520019531, 161.79554748535156, 286.0629119873047, 421.9105224609375, 318.7989044189453, 368.7500305175781, 148.652099609375, 711.2693023681641, 46.198944091796875, 7.791778564453125, -115.99655151367188, -112.01777648925781, -115.99998474121094, -115.99661254882812, -115.99960327148438, -115.99514770507812, -115.99929809570312, -115.99992370605469, -115.99256896972656, -115.99017333984375, -115.98213195800781, -115.99562072753906, -115.99607849121094, -115.98635864257812, -115.99273681640625, -115.98771667480469, 69.50296020507812, -80.03302001953125, -80.81973266601562, 2278.245574951172, 981.8739929199219, 2285.705337524414, 2278.300811767578, 2282.045425415039, 2281.252166748047, 2279.524856567383, 2279.5863189697266, 995.4261169433594, 2283.652389526367, 2276.7167358398438, 965.9853210449219, -115.9925537109375, -115.99359130859375, 105.91375732421875, 2276.661376953125, 2281.0948333740234, 2279.554702758789, 2281.3995819091797, 2282.207473754883, 305.50022888183594, -115.97846984863281, -115.99972534179688, 2283.66357421875, 2278.2543029785156, 2277.7652130126953, 2282.1211547851562, 2278.763229370117, 2286.0298919677734, 1055.7079010009766, 1106.0544738769531, 2278.1219024658203, 2279.2922973632812, 2276.247024536133, 2276.951644897461, 2279.5057067871094, 934.5574798583984, 2278.7498474121094, 2277.924346923828, 2282.020278930664, 2279.4115142822266, 2282.9351959228516, 2283.4139251708984, 2277.539047241211, 905.0398406982422, 1005.672607421875, 2284.1467895507812, 2280.859848022461, 2277.041305541992, 2282.842254638672, 1086.2588195800781, 2282.4461822509766, 2278.437042236328, 1021.1296997070312, 2276.2155151367188, 1011.5623626708984, 2276.4161682128906, 2282.8067779541016, 2281.1664428710938, 2278.6643981933594, 2276.9117889404297, 2278.695327758789, 2282.9837036132812, 2283.0433044433594, 911.0691223144531, 2278.9340057373047, 2281.5540924072266, 2282.03515625, 2278.291793823242, 2282.613525390625, 2281.638442993164, 2277.683807373047, 2283.4951782226562, 1050.1968994140625, 2280.270477294922, 2282.2705993652344, 2276.06689453125, 2284.3653411865234, 1159.5784301757812, 2282.9734802246094, 1059.9988555908203, 2282.230484008789, 2278.846466064453, 2279.173126220703, 2178.6507720947266, 2282.8489685058594]}